"url","doc_id","title","audience","department","category","language","document_version","license_or_permission"
"https://policy.vinuni.edu.vn/all-policies/academic-regulations-for-full-time-undergraduate-programs/","k3-academic-regulations-undergrad","Academic Regulations for Full-Time Undergraduate Programs","student","registrar","course-registration","en","not-stated","public-page"
"https://experience.vinuni.edu.vn/course-registration/","k3-course-registration-guide","Course Registration Guide","student","registrar","course-registration","en","not-stated","public-page"
"https://policy.vinuni.edu.vn/all-policies/financial-regulations-and-tariff-for-student-2/","k3-financial-regulations-tariff","Financial Regulations and Tariff (for student)","student","finance","tuition","en","not-stated","public-page"
"https://admissions.vinuni.edu.vn/scholarship-and-financial-aid/undergraduate-programs/scholarships/","k3-undergrad-scholarships","Undergraduate Scholarships","student","admissions","scholarship","en","not-stated","public-page"
"https://policy.vinuni.edu.vn/all-policies/library-policies-for-users/","k3-library-access-services-policy","Library Access & Services Policy","student","library","library-services","en","not-stated","public-page"
"https://library.vinuni.edu.vn/services/borrow-and-request/undergraduate-and-staff/","k3-library-borrow-request-undergrad","Borrow and Request - Undergraduate Students and Staff","student","library","library-services","en","not-stated","public-page"
"https://policy.vinuni.edu.vn/all-policies/residential-life-guideline/","k3-residential-life-guideline","Residential Life Guideline","student","student-life","dormitory","en","not-stated","public-page"
"https://vinuni.edu.vn/student_life/residential-life/dormitory-room/","k3-dormitory-room","Dormitory Room","student","student-life","dormitory","en","not-stated","public-page"
"https://policy.vinuni.edu.vn/all-policies/regulation-for-library-management/","k3-library-management-regulation","Regulation for Library Management","staff","library","library-management","en","not-stated","public-page"
